1682413691313,notify,all,The group members:[admin,rock,cs209a]
1682416889241,admin,all,Hello guys
1682419267346,admin,all,?
1682423889588,admin,all,:grinning: :smiley: &#128516; :wink:
1682423905521,admin,all,:grinning: :smiley: &#128516; :wink:
:grinning: :smiley: &#128516; :wink:
:grinning: :smiley: &#128516; :wink:
1682426367423,admin,all,hela
1682427776668,admin,all,change
1682427964181,admin,all,test again
1682428467982,admin,all,aaaaaaaaaaaaaaaaaaaaaaaaaaaaaa
1682489718173,cs209a,all,???
1682489844655,admin,all,aaaa
